MIS_CH01_01,1,3700.0,-289.5
MIS_CH01_01,1,3712.0,-289.5
MIS_CH01_01,1,3724.0,-289.5
MIS_CH01_01,1,3736.0,-277.5
MIS_CH01_01,1,3736.0,-289.5
MIS_CH01_01,1,3748.0,-277.5
MIS_CH01_01,1,3748.0,-289.5
MIS_CH01_01,1,3748.0,-301.5
MIS_CH01_01,1,3760.0,-277.5
MIS_CH01_01,1,3760.0,-289.5
MIS_CH01_01,1,3760.0,-301.5
MIS_CH01_01,1,3772.0,-277.5
MIS_CH01_01,1,3772.0,-289.5
MIS_CH01_01,1,3772.0,-301.5
MIS_CH01_01,1,3784.0,-277.5
MIS_CH01_01,1,3784.0,-289.5
MIS_CH01_01,1,3784.0,-301.5
MIS_CH01_01,1,3796.0,-289.5
MIS_CH01_01,1,3796.0,-301.5
MIS_CH01_01,1,3808.0,-289.5
MIS_CH01_01,1,3808.0,-301.5
MIS_CH01_01,1,3820.0,-301.5
MIS_CH01_01,1,3832.0,-301.5
MIS_CH01_05,4,12222.5,-3627.4
MIS_CH01_05,4,12222.5,-3639.4
MIS_CH01_05,4,12222.5,-3651.4
MIS_CH01_05,4,12234.5,-3639.4
MIS_CH01_05,4,12234.5,-3651.4
MIS_CH01_05,4,12246.5,-3639.4
MIS_CH01_05,4,12246.5,-3651.4
MIS_CH01_05,4,12258.5,-3651.4
MIS_CH01_05,4,12270.5,-3651.4
MIS_CH01_09,3,-5947.3,3844.3
MIS_CH01_09,3,-5959.3,3844.3
MIS_CH01_09,3,-5971.3,3844.3
MIS_CH01_09,3,-5971.3,3856.3
MIS_CH01_09,3,-5983.3,3844.3
MIS_CH01_09,3,-5983.3,3856.3
MIS_CH01_09,3,-5995.3,3844.3
MIS_CH01_09,3,-5995.3,3856.3
MIS_CH01_09,3,-6007.3,3844.3
MIS_CH01_09,3,-6007.3,3856.3
MIS_CH01_09,3,-6007.3,3868.3
MIS_CH01_09,3,-6019.3,3844.3
MIS_CH01_09,3,-6019.3,3856.3
MIS_CH01_09,3,-6019.3,3868.3
MIS_CH01_09,3,-6031.3,3844.3
MIS_CH01_09,3,-6031.3,3856.3
MIS_CH01_09,3,-6031.3,3868.3
MIS_CH01_09,3,-6043.3,3844.3
MIS_CH01_09,3,-6043.3,3856.3
MIS_CH01_09,3,-6055.3,3844.3
MIS_CH01_09,3,-6055.3,3856.3
MIS_CH01_09,3,-6067.3,3844.3
MIS_CH01_09,3,-6079.3,3844.3
MIS_CH01_10,3,9418.0,-2155.5
MIS_CH01_10,3,9430.0,-2155.5
MIS_CH01_10,3,9442.0,-2155.5
MIS_CH01_10,3,9454.0,-2143.5
MIS_CH01_10,3,9454.0,-2155.5
MIS_CH01_10,3,9466.0,-2143.5
MIS_CH01_10,3,9466.0,-2155.5
MIS_CH01_10,3,9478.0,-2143.5
MIS_CH01_10,3,9478.0,-2155.5
MIS_CH01_10,3,9490.0,-2143.5
MIS_CH01_10,3,9490.0,-2155.5
MIS_CH01_10,3,9502.0,-2143.5
MIS_CH01_10,3,9502.0,-2155.5
MIS_CH01_10,3,9514.0,-2155.5
MIS_CH01_10,3,9526.0,-2155.5
MIS_CH01_01,1,3928.0,-505.5
MIS_CH01_04,3,-6260.4,3758.5
MIS_CH01_04,3,-6272.4,3758.5
MIS_CH01_04,3,-6296.4,3770.5
MIS_CH01_04,4,-8745.6,4801.5
MIS_CH01_06,1,4691.0,-596.5
MIS_CH01_06,3,9591.2,-2718.5
MIS_CH01_07,1,-1145.0,1733.5
MIS_CH01_07,1,-1169.0,1685.5
MIS_CH01_07,1,-1169.0,1697.5
MIS_CH01_07,1,-1169.0,1709.5
MIS_CH01_07,1,-1457.0,1781.5
MIS_CH01_07,1,-1469.0,1769.5
MIS_CH01_07,3,-6237.4,3790.7
MIS_CH01_01,1,3592.0,-385.5
MIS_CH01_01,1,4204.0,-781.5
MIS_CH01_01,1,3964.0,-385.5
MIS_CH01_01,3,7784.0,-2436.5
MIS_CH01_01,3,7760.0,-2412.5
MIS_CH01_01,3,7784.0,-2412.5
MIS_CH01_01,4,10866.0,-3431.5
MIS_CH01_01,4,10866.0,-3419.5
MIS_CH01_01,4,9978.0,-3359.5
MIS_CH01_02,1,4409.0,-761.0
MIS_CH01_02,1,4433.0,-785.0
MIS_CH01_02,1,3461.0,-413.0
MIS_CH01_02,3,7874.0,-2381.0
MIS_CH01_02,3,7862.0,-2357.0
MIS_CH01_02,3,8330.0,-2705.0
MIS_CH01_02,4,10832.2,-3382.9
MIS_CH01_02,4,10856.2,-3466.9
MIS_CH01_02,4,10352.2,-3310.9
MIS_CH01_03,1,3875.0,-428.5
MIS_CH01_03,1,3899.0,-320.5
MIS_CH01_03,1,3887.0,-320.5
MIS_CH01_03,3,9553.0,-2594.5
MIS_CH01_03,3,9829.0,-2762.5
MIS_CH01_03,3,9781.0,-2702.5
MIS_CH01_03,4,12291.3,-3579.6
MIS_CH01_03,4,11787.3,-3711.6
MIS_CH01_03,4,12291.3,-3567.6
MIS_CH01_04,1,-439.0,1520.5
MIS_CH01_04,1,-451.0,1544.5
MIS_CH01_04,1,-463.0,1532.5
MIS_CH01_04,3,-6236.4,3770.5
MIS_CH01_04,3,-5888.4,3818.5
MIS_CH01_04,3,-5876.4,3674.5
MIS_CH01_04,4,-8265.6,4933.5
MIS_CH01_04,4,-8745.6,4873.5
MIS_CH01_05,1,4295.0,-596.5
MIS_CH01_05,1,4727.0,-404.5
MIS_CH01_05,1,4715.0,-404.5
MIS_CH01_05,3,9332.7,-2449.7
MIS_CH01_05,3,9356.7,-2437.7
MIS_CH01_05,3,9332.7,-2461.7
MIS_CH01_05,4,12306.5,-3747.4
MIS_CH01_05,4,12318.5,-3747.4
MIS_CH01_05,4,12306.5,-3759.4
MIS_CH01_06,1,4139.0,-608.5
MIS_CH01_06,1,4295.0,-584.5
MIS_CH01_06,1,4295.0,-500.5
MIS_CH01_06,3,9291.2,-2310.5
MIS_CH01_06,3,9327.2,-2442.5
MIS_CH01_06,3,9291.2,-2322.5
MIS_CH01_06,4,11770.5,-3671.5
MIS_CH01_06,4,11878.5,-3515.5
MIS_CH01_06,4,11770.5,-3683.5
MIS_CH01_07,1,-1133.0,1661.5
MIS_CH01_07,1,-1145.0,1661.5
MIS_CH01_07,1,-809.0,1889.5
MIS_CH01_07,3,-5805.4,3898.7
MIS_CH01_07,3,-5709.4,3742.7
MIS_CH01_07,3,-5841.4,3898.7
MIS_CH01_08,1,4498.0,-597.0
MIS_CH01_08,1,4462.0,-357.0
MIS_CH01_08,1,4450.0,-357.0
MIS_CH01_08,3,10008.7,-2367.5
MIS_CH01_08,3,9984.7,-2727.5
MIS_CH01_08,3,9948.7,-2691.5
MIS_CH01_09,1,-753.0,1871.7
MIS_CH01_09,1,-717.0,1835.7
MIS_CH01_09,1,-753.0,1835.7
MIS_CH01_09,3,-6175.3,3736.3
MIS_CH01_09,3,-6019.3,3568.3
MIS_CH01_09,3,-6163.3,3748.3
MIS_CH01_10,1,4414.0,-641.5
MIS_CH01_10,1,4366.0,-269.5
MIS_CH01_10,1,4390.0,-269.5
MIS_CH01_10,3,9646.0,-2251.5
MIS_CH01_10,3,9658.0,-2227.5
MIS_CH01_10,3,9334.0,-2587.5
MIS_CH01_01,1,3472.0,-289.5
MIS_CH01_01,1,4144.0,-661.5
MIS_CH01_01,1,4360.0,-733.5
MIS_CH01_01,3,7460.0,-2364.5
MIS_CH01_01,3,7904.0,-2340.5
MIS_CH01_01,3,7688.0,-2412.5
MIS_CH01_01,4,9954.0,-3467.5
MIS_CH01_01,4,9858.0,-3203.5
MIS_CH01_01,4,9774.0,-3179.5
MIS_CH01_02,1,3317.0,-197.0
MIS_CH01_02,1,3149.0,-245.0
MIS_CH01_02,1,3341.0,-377.0
MIS_CH01_02,3,7826.0,-2345.0
MIS_CH01_02,3,8522.0,-2657.0
MIS_CH01_02,3,7754.0,-2309.0
MIS_CH01_02,4,10400.2,-3298.9
MIS_CH01_02,4,10364.2,-3310.9
MIS_CH01_02,4,11024.2,-3466.9
MIS_CH01_03,1,3767.0,-392.5
MIS_CH01_03,1,3731.0,-296.5
MIS_CH01_03,1,3623.0,-224.5
MIS_CH01_03,3,9757.0,-2570.5
MIS_CH01_03,3,9853.0,-2582.5
MIS_CH01_03,3,9469.0,-2702.5
MIS_CH01_03,4,12531.3,-3375.6
MIS_CH01_03,4,12459.3,-3483.6
MIS_CH01_03,4,11835.3,-3747.6
MIS_CH01_04,1,-859.0,1676.5
MIS_CH01_04,1,-451.0,1508.5
MIS_CH01_04,1,-787.0,1724.5
MIS_CH01_04,3,-6344.4,3782.5
MIS_CH01_04,3,-5852.4,3914.5
MIS_CH01_04,3,-5924.4,3722.5
MIS_CH01_04,4,-8901.6,4873.5
MIS_CH01_04,4,-8949.6,4873.5
MIS_CH01_04,4,-8937.6,4885.5
MIS_CH01_05,1,4199.0,-668.5
MIS_CH01_05,1,4547.0,-560.5
MIS_CH01_05,1,4343.0,-524.5
MIS_CH01_05,3,9836.7,-2809.7
MIS_CH01_05,3,9356.7,-2413.7
MIS_CH01_05,3,9608.7,-2797.7
MIS_CH01_05,4,12414.5,-3747.4
MIS_CH01_05,4,12378.5,-3747.4
MIS_CH01_05,4,12186.5,-3771.4
MIS_CH01_06,1,4739.0,-488.5
MIS_CH01_06,1,4259.0,-740.5
MIS_CH01_06,1,4211.0,-656.5
MIS_CH01_06,3,9627.2,-2658.5
MIS_CH01_06,3,9423.2,-2370.5
MIS_CH01_06,3,9531.2,-2634.5
MIS_CH01_06,4,11854.5,-3407.5
MIS_CH01_06,4,11866.5,-3395.5
MIS_CH01_06,4,12022.5,-3503.5
MIS_CH01_07,1,-1193.0,1757.5
MIS_CH01_07,1,-1145.0,1649.5
MIS_CH01_07,1,-749.0,1841.5
MIS_CH01_07,3,-6081.4,3730.7
MIS_CH01_07,3,-6141.4,3730.7
MIS_CH01_07,3,-6321.4,3862.7
MIS_CH01_08,1,4462.0,-513.0
MIS_CH01_08,1,4606.0,-561.0
MIS_CH01_08,1,4930.0,-633.0
MIS_CH01_08,3,10080.7,-2367.5
MIS_CH01_08,3,10116.7,-2739.5
MIS_CH01_08,3,10092.7,-2715.5
MIS_CH01_09,1,-1221.0,1487.7
MIS_CH01_09,1,-1173.0,1463.7
MIS_CH01_09,1,-777.0,1871.7
MIS_CH01_09,3,-6403.3,3520.3
MIS_CH01_09,3,-5875.3,3592.3
MIS_CH01_09,3,-6415.3,3520.3
MIS_CH01_10,1,4294.0,-689.5
MIS_CH01_10,1,4606.0,-629.5
MIS_CH01_10,1,4834.0,-725.5
MIS_CH01_10,3,9574.0,-2527.5
MIS_CH01_10,3,9682.0,-2575.5
MIS_CH01_10,3,9346.0,-2599.5
MIS_CH01_01,1,3664.0,-589.5
MIS_CH01_01,3,8816.0,-2292.5
MIS_CH01_01,4,9690.0,-3287.5
MIS_CH01_02,1,3293.0,-581.0
MIS_CH01_02,3,8954.0,-2789.0
MIS_CH01_02,4,11048.2,-3754.9
MIS_CH01_03,1,4199.0,-404.5
MIS_CH01_03,3,9133.0,-2666.5
MIS_CH01_03,4,12171.3,-3711.6
MIS_CH01_04,1,-1159.0,1724.5
MIS_CH01_04,3,-6380.4,3662.5
MIS_CH01_04,4,-8625.6,4537.5
MIS_CH01_05,1,4883.0,-548.5
MIS_CH01_05,3,8696.7,-2377.7
MIS_CH01_05,4,12294.5,-3963.4
MIS_CH01_06,1,4427.0,-332.5
MIS_CH01_06,3,9531.2,-2766.5
MIS_CH01_06,4,12034.5,-3479.5
MIS_CH01_07,1,-833.0,1877.5
MIS_CH01_07,3,-5673.4,3490.7
MIS_CH01_07,4,-8391.8,4977.9
MIS_CH01_08,1,4378.0,-489.0
MIS_CH01_08,3,9600.7,-2535.5
MIS_CH01_08,4,13141.7,-3565.0
MIS_CH01_09,1,-1545.0,1811.7
MIS_CH01_09,3,-6295.3,3484.3
MIS_CH01_09,4,-8088.3,4484.8
MIS_CH01_10,1,3994.0,-533.5
MIS_CH01_10,3,10030.0,-2563.5
MIS_CH01_10,4,12083.0,-3531.5
