MIS_CH01_01,1,3592.0,-385.5
MIS_CH01_01,1,4204.0,-781.5
MIS_CH01_01,1,3964.0,-385.5
MIS_CH01_01,3,7784.0,-2436.5
MIS_CH01_01,3,7760.0,-2412.5
MIS_CH01_01,3,7784.0,-2412.5
MIS_CH01_01,4,10866.0,-3431.5
MIS_CH01_01,4,10866.0,-3419.5
MIS_CH01_01,4,9978.0,-3359.5
MIS_CH01_02,1,4409.0,-761.0
MIS_CH01_02,1,4433.0,-785.0
MIS_CH01_02,1,3461.0,-413.0
MIS_CH01_02,3,7874.0,-2381.0
MIS_CH01_02,3,7862.0,-2357.0
MIS_CH01_02,3,8330.0,-2705.0
MIS_CH01_02,4,10832.2,-3382.9
MIS_CH01_02,4,10856.2,-3466.9
MIS_CH01_02,4,10352.2,-3310.9
MIS_CH01_03,1,3875.0,-428.5
MIS_CH01_03,1,3899.0,-320.5
MIS_CH01_03,1,3887.0,-320.5
MIS_CH01_03,3,9553.0,-2594.5
MIS_CH01_03,3,9829.0,-2762.5
MIS_CH01_03,3,9781.0,-2702.5
MIS_CH01_03,4,12291.3,-3579.6
MIS_CH01_03,4,11787.3,-3711.6
MIS_CH01_03,4,12291.3,-3567.6
MIS_CH01_04,1,-439.0,1520.5
MIS_CH01_04,1,-451.0,1544.5
MIS_CH01_04,1,-463.0,1532.5
MIS_CH01_04,3,-6236.4,3770.5
MIS_CH01_04,3,-5888.4,3818.5
MIS_CH01_04,3,-5876.4,3674.5
MIS_CH01_04,4,-8745.6,4801.5
MIS_CH01_04,4,-8265.6,4933.5
MIS_CH01_04,4,-8745.6,4873.5
MIS_CH01_05,1,4295.0,-596.5
MIS_CH01_05,1,4727.0,-404.5
MIS_CH01_05,1,4715.0,-404.5
MIS_CH01_05,3,9332.7,-2449.7
MIS_CH01_05,3,9356.7,-2437.7
MIS_CH01_05,3,9332.7,-2461.7
MIS_CH01_05,4,12306.5,-3747.4
MIS_CH01_05,4,12318.5,-3747.4
MIS_CH01_05,4,12306.5,-3759.4
MIS_CH01_06,1,4139.0,-608.5
MIS_CH01_06,1,4295.0,-584.5
MIS_CH01_06,1,4295.0,-500.5
MIS_CH01_06,3,9291.2,-2310.5
MIS_CH01_06,3,9327.2,-2442.5
MIS_CH01_06,3,9291.2,-2322.5
MIS_CH01_06,4,11770.5,-3671.5
MIS_CH01_06,4,11878.5,-3515.5
MIS_CH01_06,4,11770.5,-3683.5
MIS_CH01_07,1,-1133.0,1661.5
MIS_CH01_07,1,-1145.0,1661.5
MIS_CH01_07,1,-809.0,1889.5
MIS_CH01_07,3,-5805.4,3898.7
MIS_CH01_07,3,-5709.4,3742.7
MIS_CH01_07,3,-5841.4,3898.7
MIS_CH01_08,1,4498.0,-597.0
MIS_CH01_08,1,4462.0,-357.0
MIS_CH01_08,1,4450.0,-357.0
MIS_CH01_08,3,10008.7,-2367.5
MIS_CH01_08,3,9984.7,-2727.5
MIS_CH01_08,3,9948.7,-2691.5
MIS_CH01_09,1,-753.0,1871.7
MIS_CH01_09,1,-717.0,1835.7
MIS_CH01_09,1,-753.0,1835.7
MIS_CH01_09,3,-6175.3,3736.3
MIS_CH01_09,3,-6019.3,3568.3
MIS_CH01_09,3,-6163.3,3748.3
MIS_CH01_10,1,4414.0,-641.5
MIS_CH01_10,1,4366.0,-269.5
MIS_CH01_10,1,4390.0,-269.5
MIS_CH01_10,3,9646.0,-2251.5
MIS_CH01_10,3,9658.0,-2227.5
MIS_CH01_10,3,9334.0,-2587.5
