MIS_CH01_01,1,3664.0,-589.5
MIS_CH01_01,3,8816.0,-2292.5
MIS_CH01_01,4,9690.0,-3287.5
MIS_CH01_02,1,3293.0,-581.0
MIS_CH01_02,3,8954.0,-2789.0
MIS_CH01_02,4,11048.2,-3754.9
MIS_CH01_03,1,4199.0,-404.5
MIS_CH01_03,3,9133.0,-2666.5
MIS_CH01_03,4,12171.3,-3711.6
MIS_CH01_04,1,-1159.0,1724.5
MIS_CH01_04,3,-6380.4,3662.5
MIS_CH01_04,4,-8625.6,4537.5
MIS_CH01_05,1,4883.0,-548.5
MIS_CH01_05,3,8696.7,-2377.7
MIS_CH01_05,4,12294.5,-3963.4
MIS_CH01_06,1,4427.0,-332.5
MIS_CH01_06,3,9531.2,-2766.5
MIS_CH01_06,4,12034.5,-3479.5
MIS_CH01_07,1,-833.0,1877.5
MIS_CH01_07,3,-5673.4,3490.7
MIS_CH01_07,4,-8391.8,4977.9
MIS_CH01_08,1,4378.0,-489.0
MIS_CH01_08,3,9600.7,-2535.5
MIS_CH01_08,4,13141.7,-3565.0
MIS_CH01_09,1,-1545.0,1811.7
MIS_CH01_09,3,-6295.3,3484.3
MIS_CH01_09,4,-8088.3,4484.8
MIS_CH01_10,1,3994.0,-533.5
MIS_CH01_10,3,10030.0,-2563.5
MIS_CH01_10,4,12083.0,-3531.5
