MIS_CH01_01,1,3472.0,-289.5
MIS_CH01_01,1,4144.0,-661.5
MIS_CH01_01,1,4360.0,-733.5
MIS_CH01_01,3,7460.0,-2364.5
MIS_CH01_01,3,7904.0,-2340.5
MIS_CH01_01,3,7688.0,-2412.5
MIS_CH01_01,4,9954.0,-3467.5
MIS_CH01_01,4,9858.0,-3203.5
MIS_CH01_01,4,9774.0,-3179.5
MIS_CH01_02,1,3317.0,-197.0
MIS_CH01_02,1,3149.0,-245.0
MIS_CH01_02,1,3341.0,-377.0
MIS_CH01_02,3,7826.0,-2345.0
MIS_CH01_02,3,8522.0,-2657.0
MIS_CH01_02,3,7754.0,-2309.0
MIS_CH01_02,4,10400.2,-3298.9
MIS_CH01_02,4,10364.2,-3310.9
MIS_CH01_02,4,11024.2,-3466.9
MIS_CH01_03,1,3767.0,-392.5
MIS_CH01_03,1,3731.0,-296.5
MIS_CH01_03,1,3623.0,-224.5
MIS_CH01_03,3,9757.0,-2570.5
MIS_CH01_03,3,9853.0,-2582.5
MIS_CH01_03,3,9469.0,-2702.5
MIS_CH01_03,4,12531.3,-3375.6
MIS_CH01_03,4,12459.3,-3483.6
MIS_CH01_03,4,11835.3,-3747.6
MIS_CH01_04,1,-859.0,1676.5
MIS_CH01_04,1,-451.0,1508.5
MIS_CH01_04,1,-787.0,1724.5
MIS_CH01_04,3,-6344.4,3782.5
MIS_CH01_04,3,-5852.4,3914.5
MIS_CH01_04,3,-5924.4,3722.5
MIS_CH01_04,4,-8901.6,4873.5
MIS_CH01_04,4,-8949.6,4873.5
MIS_CH01_04,4,-8937.6,4885.5
MIS_CH01_05,1,4199.0,-668.5
MIS_CH01_05,1,4547.0,-560.5
MIS_CH01_05,1,4343.0,-524.5
MIS_CH01_05,3,9836.7,-2809.7
MIS_CH01_05,3,9356.7,-2413.7
MIS_CH01_05,3,9608.7,-2797.7
MIS_CH01_05,4,12414.5,-3747.4
MIS_CH01_05,4,12378.5,-3747.4
MIS_CH01_05,4,12186.5,-3771.4
MIS_CH01_06,1,4739.0,-488.5
MIS_CH01_06,1,4259.0,-740.5
MIS_CH01_06,1,4211.0,-656.5
MIS_CH01_06,3,9627.2,-2658.5
MIS_CH01_06,3,9423.2,-2370.5
MIS_CH01_06,3,9531.2,-2634.5
MIS_CH01_06,4,11854.5,-3407.5
MIS_CH01_06,4,11866.5,-3395.5
MIS_CH01_06,4,12022.5,-3503.5
MIS_CH01_07,1,-1193.0,1757.5
MIS_CH01_07,1,-1145.0,1649.5
MIS_CH01_07,1,-749.0,1841.5
MIS_CH01_07,3,-6081.4,3730.7
MIS_CH01_07,3,-6141.4,3730.7
MIS_CH01_07,3,-6321.4,3862.7
MIS_CH01_08,1,4462.0,-513.0
MIS_CH01_08,1,4606.0,-561.0
MIS_CH01_08,1,4930.0,-633.0
MIS_CH01_08,3,10080.7,-2367.5
MIS_CH01_08,3,10116.7,-2739.5
MIS_CH01_08,3,10092.7,-2715.5
MIS_CH01_09,1,-1221.0,1487.7
MIS_CH01_09,1,-1173.0,1463.7
MIS_CH01_09,1,-777.0,1871.7
MIS_CH01_09,3,-6403.3,3520.3
MIS_CH01_09,3,-5875.3,3592.3
MIS_CH01_09,3,-6415.3,3520.3
MIS_CH01_10,1,4294.0,-689.5
MIS_CH01_10,1,4606.0,-629.5
MIS_CH01_10,1,4834.0,-725.5
MIS_CH01_10,3,9574.0,-2527.5
MIS_CH01_10,3,9682.0,-2575.5
MIS_CH01_10,3,9346.0,-2599.5
