S,MIS_CH01_01,R02_CORRIDOR,0,4093.7,-544.8
S,MIS_CH01_01,R02_CORRIDOR,1,4227.4,-516.5
S,MIS_CH01_01,R02_CORRIDOR,2,3959.9,-497.7
S,MIS_CH01_01,R02_CORRIDOR,3,3190.8,-366.0
S,MIS_CH01_01,R02_CORRIDOR,4,4194.0,-789.4
S,MIS_CH01_01,R02_CORRIDOR,5,3391.4,-648.3
S,MIS_CH01_01,R02_CORRIDOR,6,3792.7,-817.7
S,MIS_CH01_01,R02_CORRIDOR,7,3491.8,-309.5
S,MIS_CH01_01,R02_CORRIDOR,8,3241.0,-535.4
S,MIS_CH01_01,R02_CORRIDOR,9,4344.5,-563.6
E,MIS_CH01_01,R02_CORRIDOR,ENM_SITE7_BULWARK_01,3953.5,-497.2
E,MIS_CH01_01,R02_CORRIDOR,ENM_SITE7_DRONE_01,3190.8,-366.0
E,MIS_CH01_01,R02_CORRIDOR,ENM_SITE7_DRONE_01,4084.4,-552.8
E,MIS_CH01_01,R02_CORRIDOR,ENM_SITE7_DRONE_01,4227.4,-516.5
S,MIS_CH01_01,R04_CONTAINMENT,0,8560.1,-2543.4
S,MIS_CH01_01,R04_CONTAINMENT,1,8702.0,-2516.8
S,MIS_CH01_01,R04_CONTAINMENT,2,8418.1,-2499.0
S,MIS_CH01_01,R04_CONTAINMENT,3,7495.7,-2534.5
S,MIS_CH01_01,R04_CONTAINMENT,4,8932.6,-2534.5
S,MIS_CH01_01,R04_CONTAINMENT,5,7708.5,-2295.0
S,MIS_CH01_01,R04_CONTAINMENT,6,8826.2,-2321.6
S,MIS_CH01_01,R04_CONTAINMENT,7,7815.0,-2641.0
S,MIS_CH01_01,R04_CONTAINMENT,8,8240.7,-2774.0
S,MIS_CH01_01,R04_CONTAINMENT,9,8666.5,-2720.8
E,MIS_CH01_01,R04_CONTAINMENT,ENM_SITE7_BULWARK_01,7497.9,-2534.6
E,MIS_CH01_01,R04_CONTAINMENT,ENM_SITE7_BULWARK_01,8557.9,-2543.0
E,MIS_CH01_01,R04_CONTAINMENT,ENM_SITE7_DRONE_01,8418.9,-2503.2
E,MIS_CH01_01,R04_CONTAINMENT,ENM_SITE7_DRONE_01,8699.3,-2513.6
S,MIS_CH01_01,R05_CORE,0,10628.1,-3561.8
S,MIS_CH01_01,R05_CORE,1,11062.8,-3533.6
S,MIS_CH01_01,R05_CORE,2,9708.5,-3561.8
S,MIS_CH01_01,R05_CORE,3,10862.2,-3703.0
S,MIS_CH01_01,R05_CORE,4,9859.0,-3279.5
S,MIS_CH01_01,R05_CORE,5,10360.6,-3759.4
S,MIS_CH01_01,R05_CORE,6,10009.4,-3646.5
S,MIS_CH01_01,R05_CORE,7,10862.2,-3448.9
S,MIS_CH01_01,R05_CORE,8,10511.0,-3251.3
S,MIS_CH01_01,R05_CORE,9,10912.3,-3561.8
E,MIS_CH01_01,R05_CORE,BOSS_SITE7_ANCHOR_01,10628.1,-3561.8
E,MIS_CH01_01,R05_CORE,ENM_SITE7_DRONE_01,11062.8,-3533.6
E,MIS_CH01_01,R05_CORE,ENM_SITE7_DRONE_01,9708.5,-3561.8
S,MIS_CH01_02,R02_MAINTENANCE,0,4205.1,-540.9
S,MIS_CH01_02,R02_MAINTENANCE,1,4347.0,-514.3
S,MIS_CH01_02,R02_MAINTENANCE,2,4063.1,-496.5
S,MIS_CH01_02,R02_MAINTENANCE,3,3193.9,-345.8
S,MIS_CH01_02,R02_MAINTENANCE,4,4577.6,-532.0
S,MIS_CH01_02,R02_MAINTENANCE,5,3406.8,-611.9
S,MIS_CH01_02,R02_MAINTENANCE,6,4311.5,-744.9
S,MIS_CH01_02,R02_MAINTENANCE,7,3885.7,-771.5
S,MIS_CH01_02,R02_MAINTENANCE,8,3832.5,-212.7
S,MIS_CH01_02,R02_MAINTENANCE,9,3193.9,-532.0
E,MIS_CH01_02,R02_MAINTENANCE,ENM_SITE7_BULWARK_01,4346.4,-514.2
E,MIS_CH01_02,R02_MAINTENANCE,ENM_SITE7_DRONE_01,3195.0,-346.1
E,MIS_CH01_02,R02_MAINTENANCE,ENM_SITE7_DRONE_01,4204.1,-541.6
E,MIS_CH01_02,R02_MAINTENANCE,ENM_SITE7_RAM_01,4062.0,-496.5
S,MIS_CH01_02,R04_QUARANTINE,0,8578.7,-2507.3
S,MIS_CH01_02,R04_QUARANTINE,1,8712.4,-2479.0
S,MIS_CH01_02,R04_QUARANTINE,2,8444.9,-2460.2
S,MIS_CH01_02,R04_QUARANTINE,3,7625.6,-2328.5
S,MIS_CH01_02,R04_QUARANTINE,4,7826.3,-2610.8
S,MIS_CH01_02,R04_QUARANTINE,5,8879.6,-2328.5
S,MIS_CH01_02,R04_QUARANTINE,6,8779.3,-2695.5
S,MIS_CH01_02,R04_QUARANTINE,7,8277.7,-2751.9
S,MIS_CH01_02,R04_QUARANTINE,8,8879.6,-2526.1
S,MIS_CH01_02,R04_QUARANTINE,9,7625.6,-2526.1
E,MIS_CH01_02,R04_QUARANTINE,ENM_SITE7_BULWARK_01,8577.8,-2507.1
E,MIS_CH01_02,R04_QUARANTINE,ENM_SITE7_DRONE_01,7627.3,-2329.0
E,MIS_CH01_02,R04_QUARANTINE,ENM_SITE7_DRONE_01,8711.3,-2477.7
E,MIS_CH01_02,R04_QUARANTINE,ENM_SITE7_RAM_01,8443.2,-2460.1
S,MIS_CH01_02,R05_RELAY,0,10740.8,-3571.9
S,MIS_CH01_02,R05_RELAY,1,10707.4,-3637.7
S,MIS_CH01_02,R05_RELAY,2,10623.8,-3553.0
S,MIS_CH01_02,R05_RELAY,3,10841.1,-3524.8
S,MIS_CH01_02,R05_RELAY,4,11091.9,-3487.2
S,MIS_CH01_02,R05_RELAY,5,10941.5,-3684.8
S,MIS_CH01_02,R05_RELAY,6,10590.3,-3233.1
S,MIS_CH01_02,R05_RELAY,7,9787.8,-3543.6
S,MIS_CH01_02,R05_RELAY,8,10339.5,-3713.0
S,MIS_CH01_02,R05_RELAY,9,10791.0,-3317.8
E,MIS_CH01_02,R05_RELAY,BOSS_SITE7_RELAY_01,10740.8,-3571.9
E,MIS_CH01_02,R05_RELAY,ENM_SITE7_DRONE_01,10706.7,-3636.8
E,MIS_CH01_02,R05_RELAY,ENM_SITE7_RAM_01,10622.7,-3552.6
S,MIS_CH01_03,R02_DEFENSE,0,4586.0,-538.8
S,MIS_CH01_03,R02_DEFENSE,1,4719.7,-510.5
S,MIS_CH01_03,R02_DEFENSE,2,4452.3,-491.7
S,MIS_CH01_03,R02_DEFENSE,3,3633.5,-360.0
S,MIS_CH01_03,R02_DEFENSE,4,3834.0,-614.0
S,MIS_CH01_03,R02_DEFENSE,5,4886.8,-360.0
S,MIS_CH01_03,R02_DEFENSE,6,4786.5,-727.0
S,MIS_CH01_03,R02_DEFENSE,7,4235.1,-783.4
S,MIS_CH01_03,R02_DEFENSE,8,3934.3,-331.8
S,MIS_CH01_03,R02_DEFENSE,9,4886.8,-557.6
E,MIS_CH01_03,R02_DEFENSE,ENM_SITE7_BULWARK_01,4718.8,-510.5
E,MIS_CH01_03,R02_DEFENSE,ENM_SITE7_DRONE_01,3635.2,-360.5
E,MIS_CH01_03,R02_DEFENSE,ENM_SITE7_MORTAR_01,4452.3,-491.7
E,MIS_CH01_03,R02_DEFENSE,ENM_SITE7_RAM_01,4584.3,-538.5
H,MIS_CH01_03,R02_DEFENSE,ARC_VENT,4368.8,-548.2
S,MIS_CH01_03,R04_BULKHEAD,0,9727.1,-2634.4
S,MIS_CH01_03,R04_BULKHEAD,1,9869.0,-2607.8
S,MIS_CH01_03,R04_BULKHEAD,2,9585.1,-2590.0
S,MIS_CH01_03,R04_BULKHEAD,3,8715.9,-2465.9
S,MIS_CH01_03,R04_BULKHEAD,4,10046.4,-2465.9
S,MIS_CH01_03,R04_BULKHEAD,5,8982.0,-2705.4
S,MIS_CH01_03,R04_BULKHEAD,6,9939.9,-2811.8
S,MIS_CH01_03,R04_BULKHEAD,7,10046.4,-2652.1
S,MIS_CH01_03,R04_BULKHEAD,8,9354.5,-2838.4
S,MIS_CH01_03,R04_BULKHEAD,9,8982.0,-2412.6
E,MIS_CH01_03,R04_BULKHEAD,ENM_SITE7_BULWARK_01,9726.4,-2634.4
E,MIS_CH01_03,R04_BULKHEAD,ENM_SITE7_DRONE_01,8715.9,-2465.9
E,MIS_CH01_03,R04_BULKHEAD,ENM_SITE7_MORTAR_01,9585.1,-2590.0
E,MIS_CH01_03,R04_BULKHEAD,ENM_SITE7_RAM_01,9867.8,-2607.8
S,MIS_CH01_03,R05_ANCHOR,0,12197.8,-3765.9
S,MIS_CH01_03,R05_ANCHOR,1,12164.4,-3831.8
S,MIS_CH01_03,R05_ANCHOR,2,12080.8,-3747.1
S,MIS_CH01_03,R05_ANCHOR,3,12298.1,-3718.9
S,MIS_CH01_03,R05_ANCHOR,4,12548.9,-3511.9
S,MIS_CH01_03,R05_ANCHOR,5,12548.9,-3709.5
S,MIS_CH01_03,R05_ANCHOR,6,12398.5,-3878.9
S,MIS_CH01_03,R05_ANCHOR,7,12047.3,-3427.2
S,MIS_CH01_03,R05_ANCHOR,8,12298.1,-3483.6
S,MIS_CH01_03,R05_ANCHOR,9,11294.9,-3709.5
E,MIS_CH01_03,R05_ANCHOR,BOSS_SITE7_REMNANT_01,12197.8,-3765.9
E,MIS_CH01_03,R05_ANCHOR,ENM_SITE7_DRONE_01,12163.7,-3830.9
E,MIS_CH01_03,R05_ANCHOR,ENM_SITE7_RAM_01,12079.7,-3746.7
S,MIS_CH01_04,R02_GATE,0,-1167.1,1688.8
S,MIS_CH01_04,R02_GATE,1,-1025.1,1742.0
S,MIS_CH01_04,R02_GATE,2,-954.2,1617.8
S,MIS_CH01_04,R02_GATE,3,-1504.1,1733.1
S,MIS_CH01_04,R02_GATE,4,-1344.5,1520.3
S,MIS_CH01_04,R02_GATE,5,-173.6,1546.9
S,MIS_CH01_04,R02_GATE,6,-1344.5,1786.4
S,MIS_CH01_04,R02_GATE,7,-652.6,1786.4
S,MIS_CH01_04,R02_GATE,8,-1450.9,1573.5
S,MIS_CH01_04,R02_GATE,9,-1397.7,1679.9
E,MIS_CH01_04,R02_GATE,ENM_SITE7_BULWARK_01,-1024.0,1741.4
E,MIS_CH01_04,R02_GATE,ENM_SITE7_DRONE_01,-1504.1,1733.1
E,MIS_CH01_04,R02_GATE,ENM_SITE7_PRISM_01,-1164.7,1689.4
E,MIS_CH01_04,R02_GATE,ENM_SITE7_RAM_01,-952.0,1616.9
H,MIS_CH01_04,R02_GATE,ARC_VENT,-830.0,1573.5
S,MIS_CH01_04,R04_LINE,0,-6268.6,3792.0
S,MIS_CH01_04,R04_LINE,1,-6151.7,3848.4
S,MIS_CH01_04,R04_LINE,2,-6068.2,3716.7
S,MIS_CH01_04,R04_LINE,3,-6585.9,3839.0
S,MIS_CH01_04,R04_LINE,4,-6485.7,3613.2
S,MIS_CH01_04,R04_LINE,5,-5333.4,3839.0
S,MIS_CH01_04,R04_LINE,6,-6385.5,3923.7
S,MIS_CH01_04,R04_LINE,7,-5784.3,3895.5
S,MIS_CH01_04,R04_LINE,8,-6235.2,3528.5
S,MIS_CH01_04,R04_LINE,9,-6435.6,3782.6
E,MIS_CH01_04,R04_LINE,ENM_SITE7_BULWARK_01,-6584.3,3838.3
E,MIS_CH01_04,R04_LINE,ENM_SITE7_MORTAR_01,-6068.2,3716.7
E,MIS_CH01_04,R04_LINE,ENM_SITE7_PRISM_01,-6148.4,3848.2
E,MIS_CH01_04,R04_LINE,ENM_SITE7_PRISM_01,-6267.0,3794.8
H,MIS_CH01_04,R04_LINE,ARC_VENT,-5817.7,3801.4
H,MIS_CH01_04,R04_LINE,ARC_VENT,-5951.3,3669.6
S,MIS_CH01_04,R05_WARDEN,0,-8710.4,4783.7
S,MIS_CH01_04,R05_WARDEN,1,-9095.0,4906.0
S,MIS_CH01_04,R05_WARDEN,2,-8994.6,4680.2
S,MIS_CH01_04,R05_WARDEN,3,-8493.0,5018.9
S,MIS_CH01_04,R05_WARDEN,4,-8894.3,4990.7
S,MIS_CH01_04,R05_WARDEN,5,-7841.0,4708.4
S,MIS_CH01_04,R05_WARDEN,6,-8543.2,4510.8
S,MIS_CH01_04,R05_WARDEN,7,-8944.5,4849.6
S,MIS_CH01_04,R05_WARDEN,8,-8794.0,4595.5
S,MIS_CH01_04,R05_WARDEN,9,-8994.6,4962.5
E,MIS_CH01_04,R05_WARDEN,BOSS_SITE7_FORGE_01,-8710.4,4783.7
E,MIS_CH01_04,R05_WARDEN,ENM_SITE7_DRONE_01,-8993.7,4680.9
E,MIS_CH01_04,R05_WARDEN,ENM_SITE7_PRISM_01,-9095.0,4906.0
S,MIS_CH01_05,R02_DEFENSE,0,4519.8,-670.5
S,MIS_CH01_05,R02_DEFENSE,1,4419.5,-736.4
S,MIS_CH01_05,R02_DEFENSE,2,4653.6,-595.2
S,MIS_CH01_05,R02_DEFENSE,3,4887.6,-360.0
S,MIS_CH01_05,R02_DEFENSE,4,4887.6,-557.6
S,MIS_CH01_05,R02_DEFENSE,5,4486.4,-331.8
S,MIS_CH01_05,R02_DEFENSE,6,4787.3,-727.0
S,MIS_CH01_05,R02_DEFENSE,7,4687.0,-303.5
S,MIS_CH01_05,R02_DEFENSE,8,4085.1,-727.0
S,MIS_CH01_05,R02_DEFENSE,9,3633.6,-360.0
E,MIS_CH01_05,R02_DEFENSE,ENM_SITE7_DRONE_01,4883.7,-356.5
E,MIS_CH01_05,R02_DEFENSE,ENM_SITE7_MORTAR_01,4419.5,-736.4
E,MIS_CH01_05,R02_DEFENSE,ENM_SITE7_PRISM_01,4514.9,-672.4
E,MIS_CH01_05,R02_DEFENSE,ENM_SITE7_RAM_01,4648.5,-593.7
H,MIS_CH01_05,R02_DEFENSE,ARC_VENT,4168.7,-642.3
H,MIS_CH01_05,R02_DEFENSE,ARC_VENT,4235.6,-472.9
S,MIS_CH01_05,R04_ARRAY,0,9617.4,-2774.2
S,MIS_CH01_05,R04_ARRAY,1,9514.6,-2828.3
S,MIS_CH01_05,R04_ARRAY,2,9751.2,-2698.9
S,MIS_CH01_05,R04_ARRAY,3,9985.2,-2463.7
S,MIS_CH01_05,R04_ARRAY,4,9985.2,-2661.3
S,MIS_CH01_05,R04_ARRAY,5,9584.0,-2435.4
S,MIS_CH01_05,R04_ARRAY,6,9884.9,-2830.7
S,MIS_CH01_05,R04_ARRAY,7,9784.6,-2407.2
S,MIS_CH01_05,R04_ARRAY,8,8731.2,-2463.7
S,MIS_CH01_05,R04_ARRAY,9,9182.7,-2802.4
E,MIS_CH01_05,R04_ARRAY,ENM_SITE7_NULL_PYLON_01,9514.6,-2828.3
E,MIS_CH01_05,R04_ARRAY,ENM_SITE7_NULL_PYLON_01,9617.4,-2774.2
E,MIS_CH01_05,R04_ARRAY,ENM_SITE7_PRISM_01,9731.1,-2711.3
E,MIS_CH01_05,R04_ARRAY,ENM_SITE7_RAM_01,9961.6,-2465.0
H,MIS_CH01_05,R04_ARRAY,ARC_VENT,9266.3,-2746.0
H,MIS_CH01_05,R04_ARRAY,ARC_VENT,9333.2,-2576.6
S,MIS_CH01_05,R05_CARRIER,0,12666.9,-3945.6
S,MIS_CH01_05,R05_CARRIER,1,12282.8,-3917.3
S,MIS_CH01_05,R05_CARRIER,2,12416.4,-3794.9
S,MIS_CH01_05,R05_CARRIER,3,12049.0,-3879.6
S,MIS_CH01_05,R05_CARRIER,4,12867.3,-4068.0
S,MIS_CH01_05,R05_CARRIER,5,12817.2,-3870.2
S,MIS_CH01_05,R05_CARRIER,6,12767.1,-4011.5
S,MIS_CH01_05,R05_CARRIER,7,12616.8,-3785.4
S,MIS_CH01_05,R05_CARRIER,8,12466.5,-3983.3
S,MIS_CH01_05,R05_CARRIER,9,12717.0,-3842.0
E,MIS_CH01_05,R05_CARRIER,BOSS_SITE7_CARRIER_01,12666.9,-3945.6
E,MIS_CH01_05,R05_CARRIER,ENM_SITE7_DRONE_01,12415.4,-3795.5
E,MIS_CH01_05,R05_CARRIER,ENM_SITE7_PRISM_01,12282.5,-3916.2
S,MIS_CH01_06,R02_GALLERY,0,4519.8,-670.5
S,MIS_CH01_06,R02_GALLERY,1,4419.5,-736.4
S,MIS_CH01_06,R02_GALLERY,2,4653.6,-595.2
S,MIS_CH01_06,R02_GALLERY,3,4887.6,-557.6
S,MIS_CH01_06,R02_GALLERY,4,4486.4,-331.8
S,MIS_CH01_06,R02_GALLERY,5,4787.3,-727.0
S,MIS_CH01_06,R02_GALLERY,6,4737.2,-444.7
S,MIS_CH01_06,R02_GALLERY,7,4085.1,-727.0
S,MIS_CH01_06,R02_GALLERY,8,3633.6,-360.0
S,MIS_CH01_06,R02_GALLERY,9,4787.3,-614.0
E,MIS_CH01_06,R02_GALLERY,ENM_SITE7_DRONE_01,4887.6,-557.6
E,MIS_CH01_06,R02_GALLERY,ENM_SITE7_MORTAR_01,4419.5,-736.4
E,MIS_CH01_06,R02_GALLERY,ENM_SITE7_NULL_PYLON_01,4519.8,-670.5
E,MIS_CH01_06,R02_GALLERY,ENM_SITE7_PRISM_01,4650.8,-597.0
H,MIS_CH01_06,R02_GALLERY,ARC_VENT,4235.6,-491.7
H,MIS_CH01_06,R02_GALLERY,SPORE_CLOUD,4168.7,-661.1
S,MIS_CH01_06,R04_PUMPS,0,9564.0,-2744.5
S,MIS_CH01_06,R04_PUMPS,1,9463.7,-2810.4
S,MIS_CH01_06,R04_PUMPS,2,9697.8,-2669.2
S,MIS_CH01_06,R04_PUMPS,3,9931.8,-2631.6
S,MIS_CH01_06,R04_PUMPS,4,9530.6,-2405.8
S,MIS_CH01_06,R04_PUMPS,5,9831.5,-2801.0
S,MIS_CH01_06,R04_PUMPS,6,9781.4,-2518.7
S,MIS_CH01_06,R04_PUMPS,7,9129.3,-2801.0
S,MIS_CH01_06,R04_PUMPS,8,8677.8,-2434.0
S,MIS_CH01_06,R04_PUMPS,9,9831.5,-2688.1
E,MIS_CH01_06,R04_PUMPS,ENM_SITE7_MORTAR_01,9697.8,-2669.2
E,MIS_CH01_06,R04_PUMPS,ENM_SITE7_NULL_PYLON_01,9463.7,-2810.4
E,MIS_CH01_06,R04_PUMPS,ENM_SITE7_NULL_PYLON_01,9564.0,-2744.5
E,MIS_CH01_06,R04_PUMPS,ENM_SITE7_RAM_01,9922.7,-2631.2
H,MIS_CH01_06,R04_PUMPS,ARC_VENT,9279.8,-2565.7
H,MIS_CH01_06,R04_PUMPS,SPORE_CLOUD,9212.9,-2735.1
S,MIS_CH01_06,R05_ATRIUM,0,12069.5,-3743.9
S,MIS_CH01_06,R05_ATRIUM,1,11935.7,-3828.6
S,MIS_CH01_06,R05_ATRIUM,2,11919.0,-3640.4
S,MIS_CH01_06,R05_ATRIUM,3,12203.2,-3640.4
S,MIS_CH01_06,R05_ATRIUM,4,12286.8,-3838.0
S,MIS_CH01_06,R05_ATRIUM,5,12387.1,-3668.6
S,MIS_CH01_06,R05_ATRIUM,6,11785.2,-3358.1
S,MIS_CH01_06,R05_ATRIUM,7,11584.6,-3838.0
S,MIS_CH01_06,R05_ATRIUM,8,11133.1,-3471.0
S,MIS_CH01_06,R05_ATRIUM,9,12286.8,-3725.1
E,MIS_CH01_06,R05_ATRIUM,BOSS_SITE7_AERATOR_01,12069.5,-3743.9
E,MIS_CH01_06,R05_ATRIUM,ENM_SITE7_DRONE_01,11918.0,-3641.0
E,MIS_CH01_06,R05_ATRIUM,ENM_SITE7_PRISM_01,11935.4,-3827.4
S,MIS_CH01_07,R02_FREEZE,0,-1133.4,1697.6
S,MIS_CH01_07,R02_FREEZE,1,-999.6,1763.4
S,MIS_CH01_07,R02_FREEZE,2,-916.0,1622.3
S,MIS_CH01_07,R02_FREEZE,3,-1434.4,1754.0
S,MIS_CH01_07,R02_FREEZE,4,-1334.0,1528.2
S,MIS_CH01_07,R02_FREEZE,5,-180.4,1754.0
S,MIS_CH01_07,R02_FREEZE,6,-1283.9,1838.7
S,MIS_CH01_07,R02_FREEZE,7,-631.8,1810.5
S,MIS_CH01_07,R02_FREEZE,8,-1083.2,1443.5
S,MIS_CH01_07,R02_FREEZE,9,-280.7,1387.0
E,MIS_CH01_07,R02_FREEZE,ENM_SITE7_BULWARK_01,-911.4,1621.0
E,MIS_CH01_07,R02_FREEZE,ENM_SITE7_PRISM_01,-1426.3,1750.1
E,MIS_CH01_07,R02_FREEZE,ENM_SITE7_RAM_01,-1124.3,1697.0
E,MIS_CH01_07,R02_FREEZE,ENM_SITE7_RAM_01,-991.8,1758.8
H,MIS_CH01_07,R02_FREEZE,ARC_VENT,-765.6,1603.5
H,MIS_CH01_07,R02_FREEZE,FROST_PLATE,-865.9,1434.1
S,MIS_CH01_07,R04_COMPRESSORS,0,-6215.1,3756.0
S,MIS_CH01_07,R04_COMPRESSORS,1,-6073.2,3818.1
S,MIS_CH01_07,R04_COMPRESSORS,2,-5984.5,3685.1
S,MIS_CH01_07,R04_COMPRESSORS,3,-6534.4,3809.2
S,MIS_CH01_07,R04_COMPRESSORS,4,-6428.0,3596.4
S,MIS_CH01_07,R04_COMPRESSORS,5,-6374.8,3862.5
S,MIS_CH01_07,R04_COMPRESSORS,6,-5203.9,3623.0
S,MIS_CH01_07,R04_COMPRESSORS,7,-6161.9,3516.5
S,MIS_CH01_07,R04_COMPRESSORS,8,-5682.9,3862.5
S,MIS_CH01_07,R04_COMPRESSORS,9,-6428.0,3756.0
E,MIS_CH01_07,R04_COMPRESSORS,ENM_SITE7_BULWARK_01,-6210.2,3753.4
E,MIS_CH01_07,R04_COMPRESSORS,ENM_SITE7_PRISM_01,-6534.4,3809.2
E,MIS_CH01_07,R04_COMPRESSORS,ENM_SITE7_RAM_01,-5975.5,3679.4
E,MIS_CH01_07,R04_COMPRESSORS,ENM_SITE7_RAM_01,-6071.7,3807.6
H,MIS_CH01_07,R04_COMPRESSORS,ARC_VENT,-5860.3,3614.1
H,MIS_CH01_07,R04_COMPRESSORS,FROST_PLATE,-5789.3,3791.5
S,MIS_CH01_07,R05_VAULT,0,-8611.2,4784.3
S,MIS_CH01_07,R05_VAULT,1,-8711.5,4840.8
S,MIS_CH01_07,R05_VAULT,2,-8561.0,4878.4
S,MIS_CH01_07,R05_VAULT,3,-8477.4,4756.1
S,MIS_CH01_07,R05_VAULT,4,-9029.2,4878.4
S,MIS_CH01_07,R05_VAULT,5,-8928.8,4652.6
S,MIS_CH01_07,R05_VAULT,6,-7775.2,4878.4
S,MIS_CH01_07,R05_VAULT,7,-8878.7,4963.1
S,MIS_CH01_07,R05_VAULT,8,-8226.6,4934.9
S,MIS_CH01_07,R05_VAULT,9,-8728.2,4567.9
E,MIS_CH01_07,R05_VAULT,BOSS_SITE7_CRYO_01,-8611.2,4784.3
E,MIS_CH01_07,R05_VAULT,ENM_SITE7_BULWARK_01,-8708.4,4839.6
E,MIS_CH01_07,R05_VAULT,ENM_SITE7_PRISM_01,-8554.9,4880.5
S,MIS_CH01_08,R02_MARSHALLING,0,4622.4,-585.9
S,MIS_CH01_08,R02_MARSHALLING,1,4569.2,-497.1
S,MIS_CH01_08,R02_MARSHALLING,2,4462.7,-630.2
S,MIS_CH01_08,R02_MARSHALLING,3,5101.4,-585.9
S,MIS_CH01_08,R02_MARSHALLING,4,4994.9,-772.1
S,MIS_CH01_08,R02_MARSHALLING,5,4888.5,-479.4
S,MIS_CH01_08,R02_MARSHALLING,6,4782.1,-718.9
S,MIS_CH01_08,R02_MARSHALLING,7,4941.7,-639.1
S,MIS_CH01_08,R02_MARSHALLING,8,4994.9,-532.6
S,MIS_CH01_08,R02_MARSHALLING,9,3664.4,-293.1
E,MIS_CH01_08,R02_MARSHALLING,ENM_SITE7_DRONE_01,5101.4,-585.9
E,MIS_CH01_08,R02_MARSHALLING,ENM_SITE7_MORTAR_01,4462.7,-630.2
E,MIS_CH01_08,R02_MARSHALLING,ENM_SITE7_PRISM_01,4561.3,-485.6
E,MIS_CH01_08,R02_MARSHALLING,ENM_SITE7_PRISM_01,4611.2,-594.2
H,MIS_CH01_08,R02_MARSHALLING,ARC_VENT,4161.2,-523.8
H,MIS_CH01_08,R02_MARSHALLING,RAIL_LANE,4409.5,-452.8
S,MIS_CH01_08,R04_JUNCTION,0,10095.1,-2624.5
S,MIS_CH01_08,R04_JUNCTION,1,10095.1,-2518.0
S,MIS_CH01_08,R04_JUNCTION,2,9935.4,-2686.6
S,MIS_CH01_08,R04_JUNCTION,3,10627.3,-2420.5
S,MIS_CH01_08,R04_JUNCTION,4,10467.6,-2766.4
S,MIS_CH01_08,R04_JUNCTION,5,10574.1,-2606.7
S,MIS_CH01_08,R04_JUNCTION,6,10361.2,-2473.7
S,MIS_CH01_08,R04_JUNCTION,7,10308.0,-2660.0
S,MIS_CH01_08,R04_JUNCTION,8,10520.9,-2500.3
S,MIS_CH01_08,R04_JUNCTION,9,10520.9,-2393.9
E,MIS_CH01_08,R04_JUNCTION,ENM_SITE7_MORTAR_01,9935.4,-2686.6
E,MIS_CH01_08,R04_JUNCTION,ENM_SITE7_NULL_PYLON_01,10627.3,-2420.5
E,MIS_CH01_08,R04_JUNCTION,ENM_SITE7_PRISM_01,10089.9,-2628.2
E,MIS_CH01_08,R04_JUNCTION,ENM_SITE7_PRISM_01,10091.5,-2512.7
H,MIS_CH01_08,R04_JUNCTION,ARC_VENT,9704.8,-2518.0
H,MIS_CH01_08,R04_JUNCTION,RAIL_LANE,9953.2,-2518.0
S,MIS_CH01_08,R05_TERMINAL,0,12973.8,-3590.8
S,MIS_CH01_08,R05_TERMINAL,1,12459.3,-3519.8
S,MIS_CH01_08,R05_TERMINAL,2,12565.7,-3466.6
S,MIS_CH01_08,R05_TERMINAL,3,12601.2,-3581.9
S,MIS_CH01_08,R05_TERMINAL,4,13399.5,-3360.1
S,MIS_CH01_08,R05_TERMINAL,5,13186.6,-3785.9
S,MIS_CH01_08,R05_TERMINAL,6,13293.1,-3573.0
S,MIS_CH01_08,R05_TERMINAL,7,13133.4,-3386.8
S,MIS_CH01_08,R05_TERMINAL,8,12814.1,-3306.9
S,MIS_CH01_08,R05_TERMINAL,9,13293.1,-3440.0
E,MIS_CH01_08,R05_TERMINAL,BOSS_SITE7_GANTRY_01,12973.8,-3590.8
E,MIS_CH01_08,R05_TERMINAL,ENM_SITE7_DRONE_01,12565.3,-3467.7
E,MIS_CH01_08,R05_TERMINAL,ENM_SITE7_PRISM_01,12459.8,-3518.8
S,MIS_CH01_09,R02_NAVE,0,-1174.1,1620.5
S,MIS_CH01_09,R02_NAVE,1,-1057.1,1676.9
S,MIS_CH01_09,R02_NAVE,2,-940.0,1601.7
S,MIS_CH01_09,R02_NAVE,3,-889.9,1761.6
S,MIS_CH01_09,R02_NAVE,4,-772.8,1648.7
S,MIS_CH01_09,R02_NAVE,5,-1090.5,1592.3
S,MIS_CH01_09,R02_NAVE,6,-873.2,1507.6
S,MIS_CH01_09,R02_NAVE,7,-622.4,1733.4
S,MIS_CH01_09,R02_NAVE,8,-689.2,1582.8
S,MIS_CH01_09,R02_NAVE,9,-1508.5,1752.2
E,MIS_CH01_09,R02_NAVE,ENM_SITE7_DRONE_01,-1056.6,1675.2
E,MIS_CH01_09,R02_NAVE,ENM_SITE7_DRONE_01,-1172.5,1621.2
E,MIS_CH01_09,R02_NAVE,ENM_SITE7_DRONE_01,-938.9,1602.9
E,MIS_CH01_09,R02_NAVE,ENM_SITE7_NULL_PYLON_01,-889.9,1761.6
E,MIS_CH01_09,R02_NAVE,ENM_SITE7_PRISM_01,-773.8,1650.2
H,MIS_CH01_09,R02_NAVE,ARC_VENT,-622.4,1714.6
H,MIS_CH01_09,R02_NAVE,ARC_VENT,-789.6,1564.0
S,MIS_CH01_09,R04_GALLERY,0,-6354.4,3588.1
S,MIS_CH01_09,R04_GALLERY,1,-6237.4,3644.5
S,MIS_CH01_09,R04_GALLERY,2,-6120.3,3569.3
S,MIS_CH01_09,R04_GALLERY,3,-6103.6,3663.4
S,MIS_CH01_09,R04_GALLERY,4,-5953.1,3616.3
S,MIS_CH01_09,R04_GALLERY,5,-6237.4,3531.6
S,MIS_CH01_09,R04_GALLERY,6,-6053.5,3475.2
S,MIS_CH01_09,R04_GALLERY,7,-5836.1,3663.4
S,MIS_CH01_09,R04_GALLERY,8,-5886.3,3795.1
S,MIS_CH01_09,R04_GALLERY,9,-6638.7,3748.1
E,MIS_CH01_09,R04_GALLERY,ENM_SITE7_MORTAR_01,-6103.6,3663.4
E,MIS_CH01_09,R04_GALLERY,ENM_SITE7_NULL_PYLON_01,-6237.4,3644.5
E,MIS_CH01_09,R04_GALLERY,ENM_SITE7_NULL_PYLON_01,-6354.4,3588.1
E,MIS_CH01_09,R04_GALLERY,ENM_SITE7_PRISM_01,-6118.9,3570.3
H,MIS_CH01_09,R04_GALLERY,ARC_VENT,-5969.9,3569.3
H,MIS_CH01_09,R04_GALLERY,ARC_VENT,-6036.7,3399.9
S,MIS_CH01_09,R05_STACKS,0,-8815.7,4624.2
S,MIS_CH01_09,R05_STACKS,1,-8932.7,4577.2
S,MIS_CH01_09,R05_STACKS,2,-8732.1,4643.0
S,MIS_CH01_09,R05_STACKS,3,-8615.0,4577.2
S,MIS_CH01_09,R05_STACKS,4,-8631.7,4718.3
S,MIS_CH01_09,R05_STACKS,5,-8481.3,4614.8
S,MIS_CH01_09,R05_STACKS,6,-8832.4,4483.1
S,MIS_CH01_09,R05_STACKS,7,-8431.1,4737.1
S,MIS_CH01_09,R05_STACKS,8,-9283.8,4661.9
S,MIS_CH01_09,R05_STACKS,9,-9133.3,4492.5
E,MIS_CH01_09,R05_STACKS,BOSS_SITE7_ARCHIVE_01,-8815.7,4624.2
E,MIS_CH01_09,R05_STACKS,ENM_SITE7_DRONE_01,-8730.0,4644.4
E,MIS_CH01_09,R05_STACKS,ENM_SITE7_PRISM_01,-8931.8,4574.9
S,MIS_CH01_10,R02_RELAY,0,4360.2,-532.6
S,MIS_CH01_10,R02_RELAY,1,4460.5,-438.5
S,MIS_CH01_10,R02_RELAY,2,4577.5,-504.4
S,MIS_CH01_10,R02_RELAY,3,4410.3,-325.6
S,MIS_CH01_10,R02_RELAY,4,4193.0,-466.8
S,MIS_CH01_10,R02_RELAY,5,4243.1,-353.9
S,MIS_CH01_10,R02_RELAY,6,4510.6,-372.7
S,MIS_CH01_10,R02_RELAY,7,4644.4,-447.9
S,MIS_CH01_10,R02_RELAY,8,4092.6,-419.7
S,MIS_CH01_10,R02_RELAY,9,4928.6,-288.0
E,MIS_CH01_10,R02_RELAY,ENM_SITE7_BULWARK_01,4405.6,-325.4
E,MIS_CH01_10,R02_RELAY,ENM_SITE7_MORTAR_01,4460.5,-438.5
E,MIS_CH01_10,R02_RELAY,ENM_SITE7_NULL_PYLON_01,4193.0,-466.8
E,MIS_CH01_10,R02_RELAY,ENM_SITE7_PRISM_01,4357.6,-541.4
E,MIS_CH01_10,R02_RELAY,ENM_SITE7_RAM_01,4568.6,-502.6
H,MIS_CH01_10,R02_RELAY,ARC_VENT,4042.5,-513.8
H,MIS_CH01_10,R02_RELAY,ARC_VENT,4176.2,-382.1
S,MIS_CH01_10,R04_GALLERY,0,9586.2,-2512.5
S,MIS_CH01_10,R04_GALLERY,1,9692.7,-2423.8
S,MIS_CH01_10,R04_GALLERY,2,9816.8,-2485.9
S,MIS_CH01_10,R04_GALLERY,3,9639.4,-2317.3
S,MIS_CH01_10,R04_GALLERY,4,9408.8,-2450.4
S,MIS_CH01_10,R04_GALLERY,5,9462.0,-2343.9
S,MIS_CH01_10,R04_GALLERY,6,9745.9,-2361.7
S,MIS_CH01_10,R04_GALLERY,7,9887.8,-2432.6
S,MIS_CH01_10,R04_GALLERY,8,9302.4,-2406.0
S,MIS_CH01_10,R04_GALLERY,9,10189.4,-2441.5
E,MIS_CH01_10,R04_GALLERY,ENM_SITE7_BULWARK_01,9408.0,-2450.1
E,MIS_CH01_10,R04_GALLERY,ENM_SITE7_MORTAR_01,9816.8,-2485.9
E,MIS_CH01_10,R04_GALLERY,ENM_SITE7_NULL_PYLON_01,9586.2,-2512.5
E,MIS_CH01_10,R04_GALLERY,ENM_SITE7_PRISM_01,9691.6,-2422.4
E,MIS_CH01_10,R04_GALLERY,ENM_SITE7_RAM_01,9637.7,-2317.3
H,MIS_CH01_10,R04_GALLERY,ARC_VENT,9391.1,-2388.3
H,MIS_CH01_10,R04_GALLERY,ARC_VENT,9426.6,-2193.2
S,MIS_CH01_10,R05_CORE,0,12517.7,-3389.2
S,MIS_CH01_10,R05_CORE,1,12066.2,-3389.2
S,MIS_CH01_10,R05_CORE,2,12250.2,-3360.9
S,MIS_CH01_10,R05_CORE,3,12383.9,-3408.0
S,MIS_CH01_10,R05_CORE,4,12233.4,-3266.9
S,MIS_CH01_10,R05_CORE,5,12434.1,-3295.1
S,MIS_CH01_10,R05_CORE,6,12032.8,-3257.4
S,MIS_CH01_10,R05_CORE,7,12133.1,-3219.8
S,MIS_CH01_10,R05_CORE,8,12333.8,-3201.0
S,MIS_CH01_10,R05_CORE,9,11965.9,-3332.7
E,MIS_CH01_10,R05_CORE,BOSS_SITE7_ORIGIN_01,12517.7,-3389.2
E,MIS_CH01_10,R05_CORE,ENM_SITE7_DRONE_01,12248.3,-3362.5
E,MIS_CH01_10,R05_CORE,ENM_SITE7_PRISM_01,12065.9,-3386.8
